Domain Code,Domain,Area Code (M49),Area,Element Code,Element,Item Code (CPC),Item,Year Code,Year,Unit,Value,Flag,Flag Description
TI,"Trade Indices","076","Brazil","64","Import Value Base Period Quantity","01341","Apples","2023","2023","1000 USD","137574","E","Estimated value"
TI,"Trade Indices","076","Brazil","64","Import Value Base Period Quantity","01312","Bananas","2023","2023","1000 USD","54","E","Estimated value"
TI,"Trade Indices","076","Brazil","64","Import Value Base Period Quantity","0115","Barley","2023","2023","1000 USD","219461","E","Estimated value"
TI,"Trade Indices","076","Brazil","64","Import Value Base Period Quantity","24310.01","Beer of barley, malted","2023","2023","1000 USD","52790","E","Estimated value"
TI,"Trade Indices","076","Brazil","64","Import Value Base Period Quantity","39120.13","Bran of cereals n.e.c.","2023","2023","1000 USD","10732","E","Estimated value"
TI,"Trade Indices","076","Brazil","64","Import Value Base Period Quantity","22241.01","Butter of cow milk","2023","2023","1000 USD","17740","E","Estimated value"
TI,"Trade Indices","076","Brazil","64","Import Value Base Period Quantity","21910.03","Cake of  soya beans","2023","2023","1000 USD","3051","E","Estimated value"
TI,"Trade Indices","076","Brazil","64","Import Value Base Period Quantity","21910.15","Cake of cottonseed","2023","2023","1000 USD","286","E","Estimated value"
TI,"Trade Indices","076","Brazil","64","Import Value Base Period Quantity","21910.90","Cake, oilseeds nes","2023","2023","1000 USD","215","E","Estimated value"
TI,"Trade Indices","076","Brazil","64","Import Value Base Period Quantity","01447","Castor oil seeds","2023","2023","1000 USD","2409","E","Estimated value"
TI,"Trade Indices","076","Brazil","64","Import Value Base Period Quantity","23140.08","Cereal preparations","2023","2023","1000 USD","4518","E","Estimated value"
TI,"Trade Indices","076","Brazil","64","Import Value Base Period Quantity","01199.90","Cereals n.e.c.","2023","2023","1000 USD","11826","E","Estimated value"
TI,"Trade Indices","076","Brazil","64","Import Value Base Period Quantity","22251.01","Cheese from whole cow milk","2023","2023","1000 USD","143965","E","Estimated value"
TI,"Trade Indices","076","Brazil","64","Import Value Base Period Quantity","01652","Chillies and peppers, dry (Capsicum spp., Pimenta spp.), raw","2023","2023","1000 USD","3453","E","Estimated value"
TI,"Trade Indices","076","Brazil","64","Import Value Base Period Quantity","F0666","Chocolate products nes","2023","2023","1000 USD","231851","E","Estimated value"
TI,"Trade Indices","076","Brazil","64","Import Value Base Period Quantity","01640","Cocoa beans","2023","2023","1000 USD","95821","E","Estimated value"
TI,"Trade Indices","076","Brazil","64","Import Value Base Period Quantity","23620","Cocoa butter, fat and oil","2023","2023","1000 USD","1531","E","Estimated value"
TI,"Trade Indices","076","Brazil","64","Import Value Base Period Quantity","23610.01","Cocoa paste not defatted","2023","2023","1000 USD","3555","E","Estimated value"
TI,"Trade Indices","076","Brazil","64","Import Value Base Period Quantity","F0665","Cocoa powder and cake","2023","2023","1000 USD","73665","E","Estimated value"
TI,"Trade Indices","076","Brazil","64","Import Value Base Period Quantity","2166","Coconut oil","2023","2023","1000 USD","1848","E","Estimated value"
TI,"Trade Indices","076","Brazil","64","Import Value Base Period Quantity","21429.07","Coconuts, desiccated","2023","2023","1000 USD","24053","E","Estimated value"
TI,"Trade Indices","076","Brazil","64","Import Value Base Period Quantity","23912.02","Coffee extracts","2023","2023","1000 USD","13241","E","Estimated value"
TI,"Trade Indices","076","Brazil","64","Import Value Base Period Quantity","01610","Coffee, green","2023","2023","1000 USD","33943","E","Estimated value"
TI,"Trade Indices","076","Brazil","64","Import Value Base Period Quantity","01921.02","Cotton lint, ginned","2023","2023","1000 USD","64594","E","Estimated value"
TI,"Trade Indices","076","Brazil","64","Import Value Base Period Quantity","2168","Cottonseed oil","2023","2023","1000 USD","96","E","Estimated value"
TI,"Trade Indices","076","Brazil","64","Import Value Base Period Quantity","01314","Dates","2023","2023","1000 USD","1621","E","Estimated value"
TI,"Trade Indices","076","Brazil","64","Import Value Base Period Quantity","01599.10","Edible roots and tubers with high starch or inulin content, n.e.c., fresh","2023","2023","1000 USD","15791","E","Estimated value"
TI,"Trade Indices","076","Brazil","64","Import Value Base Period Quantity","23993.03","Eggs, dried","2023","2023","1000 USD","567","E","Estimated value"
TI,"Trade Indices","076","Brazil","64","Import Value Base Period Quantity","21185","Extracts and juices of meat, fish, crustaceans, molluscs or other aquatic invertebrates","2023","2023","1000 USD","1","E","Estimated value"
TI,"Trade Indices","076","Brazil","64","Import Value Base Period Quantity","F1243","Fat preparations n.e.c.","2023","2023","1000 USD","93920","E","Estimated value"
TI,"Trade Indices","076","Brazil","64","Import Value Base Period Quantity","26190.01","Flax, processed but not spun","2023","2023","1000 USD","2662","E","Estimated value"
TI,"Trade Indices","076","Brazil","64","Import Value Base Period Quantity","23120.90","Flour of cereals n.e.c.","2023","2023","1000 USD","636","E","Estimated value"
TI,"Trade Indices","076","Brazil","64","Import Value Base Period Quantity","21392","Flour, meal, powder, flakes, granules and pellets of potatoes","2023","2023","1000 USD","20882","E","Estimated value"
TI,"Trade Indices","076","Brazil","64","Import Value Base Period Quantity","21920","Flours and meals of oil seeds or oleaginous fruits, except those of mustard","2023","2023","1000 USD","32","E","Estimated value"
TI,"Trade Indices","076","Brazil","64","Import Value Base Period Quantity","39170.01","Food wastes","2023","2023","1000 USD","312940","E","Estimated value"
TI,"Trade Indices","076","Brazil","64","Import Value Base Period Quantity","F0623","Fruit prepared n.e.c.","2023","2023","1000 USD","86715","E","Estimated value"
TI,"Trade Indices","076","Brazil","64","Import Value Base Period Quantity","39130.04","Gluten feed and meal","2023","2023","1000 USD","323","E","Estimated value"
TI,"Trade Indices","076","Brazil","64","Import Value Base Period Quantity","01330","Grapes","2023","2023","1000 USD","57473","E","Estimated value"
TI,"Trade Indices","076","Brazil","64","Import Value Base Period Quantity","2162","Groundnut oil","2023","2023","1000 USD","541","E","Estimated value"
TI,"Trade Indices","076","Brazil","64","Import Value Base Period Quantity","0142","Groundnuts, excluding shelled","2023","2023","1000 USD","70","E","Estimated value"
TI,"Trade Indices","076","Brazil","64","Import Value Base Period Quantity","21421","Groundnuts, shelled","2023","2023","1000 USD","672","E","Estimated value"
TI,"Trade Indices","076","Brazil","64","Import Value Base Period Quantity","0231","Hen eggs in shell, fresh","2023","2023","1000 USD","42767","E","Estimated value"
TI,"Trade Indices","076","Brazil","64","Import Value Base Period Quantity","02951.04","Hides, wet-salted of cattle","2023","2023","1000 USD","1820","E","Estimated value"
TI,"Trade Indices","076","Brazil","64","Import Value Base Period Quantity","01659","Hop cones","2023","2023","1000 USD","26180","E","Estimated value"
TI,"Trade Indices","076","Brazil","64","Import Value Base Period Quantity","F1275","hydrogenated oils and fats","2023","2023","1000 USD","132089","E","Estimated value"
TI,"Trade Indices","076","Brazil","64","Import Value Base Period Quantity","23991.01","Infant food","2023","2023","1000 USD","216157","E","Estimated value"
TI,"Trade Indices","076","Brazil","64","Import Value Base Period Quantity","21439.90","Juice of fruits n.e.c.","2023","2023","1000 USD","55854","E","Estimated value"
TI,"Trade Indices","076","Brazil","64","Import Value Base Period Quantity","01922.01","Jute, raw or retted","2023","2023","1000 USD","7583","E","Estimated value"
TI,"Trade Indices","076","Brazil","64","Import Value Base Period Quantity","01322","Lemons and limes","2023","2023","1000 USD","1798","E","Estimated value"
TI,"Trade Indices","076","Brazil","64","Import Value Base Period Quantity","01441","Linseed","2023","2023","1000 USD","1607","E","Estimated value"
TI,"Trade Indices","076","Brazil","64","Import Value Base Period Quantity","0112","Maize (corn)","2023","2023","1000 USD","291493","E","Estimated value"
TI,"Trade Indices","076","Brazil","64","Import Value Base Period Quantity","24320","Malt, whether or not roasted","2023","2023","1000 USD","612109","E","Estimated value"
TI,"Trade Indices","076","Brazil","64","Import Value Base Period Quantity","21190.01","Meat meal","2023","2023","1000 USD","1259","E","Estimated value"
TI,"Trade Indices","076","Brazil","64","Import Value Base Period Quantity","21111.01","Meat of cattle with the bone, fresh or chilled","2023","2023","1000 USD","343080","E","Estimated value"
TI,"Trade Indices","076","Brazil","64","Import Value Base Period Quantity","21121","Meat of chickens, fresh or chilled","2023","2023","1000 USD","10315","E","Estimated value"
TI,"Trade Indices","076","Brazil","64","Import Value Base Period Quantity","21115","Meat of sheep, fresh or chilled","2023","2023","1000 USD","53242","E","Estimated value"
TI,"Trade Indices","076","Brazil","64","Import Value Base Period Quantity","F1172","Meat prepared n.e.c.","2023","2023","1000 USD","1390","E","Estimated value"
TI,"Trade Indices","076","Brazil","64","Import Value Base Period Quantity","01950.02","Natural rubber in other forms","2023","2023","1000 USD","384456","E","Estimated value"
TI,"Trade Indices","076","Brazil","64","Import Value Base Period Quantity","0117","Oats","2023","2023","1000 USD","610","E","Estimated value"
TI,"Trade Indices","076","Brazil","64","Import Value Base Period Quantity","21170.93","Offals n.e.c. (excluding mammals), fresh, chilled or frozen","2023","2023","1000 USD","3257","E","Estimated value"
TI,"Trade Indices","076","Brazil","64","Import Value Base Period Quantity","21691.04","Oil of castor beans","2023","2023","1000 USD","8068","E","Estimated value"
TI,"Trade Indices","076","Brazil","64","Import Value Base Period Quantity","21691.12","Oil of linseed","2023","2023","1000 USD","1579","E","Estimated value"
TI,"Trade Indices","076","Brazil","64","Import Value Base Period Quantity","21691.02","Oil of maize","2023","2023","1000 USD","69","E","Estimated value"
TI,"Trade Indices","076","Brazil","64","Import Value Base Period Quantity","21691.14","Oil of palm kernel","2023","2023","1000 USD","233331","E","Estimated value"
TI,"Trade Indices","076","Brazil","64","Import Value Base Period Quantity","2167","Olive oil","2023","2023","1000 USD","472184","E","Estimated value"
TI,"Trade Indices","076","Brazil","64","Import Value Base Period Quantity","01253.02","Onions and shallots, dry (excluding dehydrated)","2023","2023","1000 USD","56264","E","Estimated value"
TI,"Trade Indices","076","Brazil","64","Import Value Base Period Quantity","01323","Oranges","2023","2023","1000 USD","27016","E","Estimated value"
TI,"Trade Indices","076","Brazil","64","Import Value Base Period Quantity","01329","Other citrus fruit, n.e.c.","2023","2023","1000 USD","351","E","Estimated value"
TI,"Trade Indices","076","Brazil","64","Import Value Base Period Quantity","21419.99","Other fruit n.e.c., dried","2023","2023","1000 USD","59122","E","Estimated value"
TI,"Trade Indices","076","Brazil","64","Import Value Base Period Quantity","01359.90","Other fruits, n.e.c.","2023","2023","1000 USD","62622","E","Estimated value"
TI,"Trade Indices","076","Brazil","64","Import Value Base Period Quantity","25090","Other manufactured tobacco and manufactured tobacco substitutes
TI,"Trade Indices","076","Brazil","64","Import Value Base Period Quantity","21183","Other meat and edible meat offal, salted, in brine, dried or smoked
TI,"Trade Indices","076","Brazil","64","Import Value Base Period Quantity","21691.90","Other oil of vegetable origin, crude n.e.c.","2023","2023","1000 USD","21023","E","Estimated value"
TI,"Trade Indices","076","Brazil","64","Import Value Base Period Quantity","01709.90","Other pulses n.e.c.","2023","2023","1000 USD","226503","E","Estimated value"
TI,"Trade Indices","076","Brazil","64","Import Value Base Period Quantity","01699","Other stimulant, spice and aromatic crops, n.e.c.","2023","2023","1000 USD","35952","E","Estimated value"
TI,"Trade Indices","076","Brazil","64","Import Value Base Period Quantity","01290.90","Other vegetables, fresh n.e.c.","2023","2023","1000 USD","193736","E","Estimated value"
TI,"Trade Indices","076","Brazil","64","Import Value Base Period Quantity","01491.02","Palm kernels","2023","2023","1000 USD","19","E","Estimated value"
TI,"Trade Indices","076","Brazil","64","Import Value Base Period Quantity","2165","Palm oil","2023","2023","1000 USD","257041","E","Estimated value"
TI,"Trade Indices","076","Brazil","64","Import Value Base Period Quantity","F0022","Pastry","2023","2023","1000 USD","98912","E","Estimated value"
TI,"Trade Indices","076","Brazil","64","Import Value Base Period Quantity","01345","Peaches and nectarines","2023","2023","1000 USD","33500","E","Estimated value"
TI,"Trade Indices","076","Brazil","64","Import Value Base Period Quantity","01342.01","Pears","2023","2023","1000 USD","176628","E","Estimated value"
TI,"Trade Indices","076","Brazil","64","Import Value Base Period Quantity","01651","Pepper (Piper spp.), raw","2023","2023","1000 USD","1055","E","Estimated value"
TI,"Trade Indices","076","Brazil","64","Import Value Base Period Quantity","21181","Pig meat, cuts, salted, dried or smoked (bacon and ham)","2023","2023","1000 USD","12774","E","Estimated value"
TI,"Trade Indices","076","Brazil","64","Import Value Base Period Quantity","01318","Pineapples","2023","2023","1000 USD","68","E","Estimated value"
TI,"Trade Indices","076","Brazil","64","Import Value Base Period Quantity","21491","Pineapples, otherwise prepared or preserved","2023","2023","1000 USD","105","E","Estimated value"
TI,"Trade Indices","076","Brazil","64","Import Value Base Period Quantity","01510","Potatoes","2023","2023","1000 USD","16410","E","Estimated value"
TI,"Trade Indices","076","Brazil","64","Import Value Base Period Quantity","21411","Raisins","2023","2023","1000 USD","45797","E","Estimated value"
TI,"Trade Indices","076","Brazil","64","Import Value Base Period Quantity","01443","Rape or colza seed","2023","2023","1000 USD","29397","E","Estimated value"
TI,"Trade Indices","076","Brazil","64","Import Value Base Period Quantity","21641.01","Rapeseed or canola oil, crude","2023","2023","1000 USD","22094","E","Estimated value"
TI,"Trade Indices","076","Brazil","64","Import Value Base Period Quantity","2351f","Raw cane or beet sugar (centrifugal only)","2023","2023","1000 USD","54","E","Estimated value"
TI,"Trade Indices","076","Brazil","64","Import Value Base Period Quantity","26110","Raw silk (not thrown)","2023","2023","1000 USD","3087","E","Estimated value"
TI,"Trade Indices","076","Brazil","64","Import Value Base Period Quantity","23520","Refined sugar","2023","2023","1000 USD","1578","E","Estimated value"
TI,"Trade Indices","076","Brazil","64","Import Value Base Period Quantity","23161.02","Rice, milled","2023","2023","1000 USD","317180","E","Estimated value"
TI,"Trade Indices","076","Brazil","64","Import Value Base Period Quantity","21184.02","Sausages and similar products of meat, offal or blood of pig","2023","2023","1000 USD","3650","E","Estimated value"
TI,"Trade Indices","076","Brazil","64","Import Value Base Period Quantity","01444","Sesame seed","2023","2023","1000 USD","9791","E","Estimated value"
TI,"Trade Indices","076","Brazil","64","Import Value Base Period Quantity","22212","Skim milk and whey powder","2023","2023","1000 USD","386118","E","Estimated value"
TI,"Trade Indices","076","Brazil","64","Import Value Base Period Quantity","02953.04","Skins, dry-salted of sheep","2023","2023","1000 USD","746","E","Estimated value"
TI,"Trade Indices","076","Brazil","64","Import Value Base Period Quantity","2161","Soya bean oil","2023","2023","1000 USD","34061","E","Estimated value"
TI,"Trade Indices","076","Brazil","64","Import Value Base Period Quantity","0141","Soya beans","2023","2023","1000 USD","209663","E","Estimated value"
TI,"Trade Indices","076","Brazil","64","Import Value Base Period Quantity","23210.04","Sugar and syrups n.e.c.","2023","2023","1000 USD","53800","E","Estimated value"
TI,"Trade Indices","076","Brazil","64","Import Value Base Period Quantity","23670.01","Sugar confectionery","2023","2023","1000 USD","39723","E","Estimated value"
TI,"Trade Indices","076","Brazil","64","Import Value Base Period Quantity","01445","Sunflower seed","2023","2023","1000 USD","5320","E","Estimated value"
TI,"Trade Indices","076","Brazil","64","Import Value Base Period Quantity","21631.01","Sunflower-seed oil, crude","2023","2023","1000 USD","34593","E","Estimated value"
TI,"Trade Indices","076","Brazil","64","Import Value Base Period Quantity","21523","Tallow","2023","2023","1000 USD","49025","E","Estimated value"
TI,"Trade Indices","076","Brazil","64","Import Value Base Period Quantity","01620","Tea leaves","2023","2023","1000 USD","5557","E","Estimated value"
TI,"Trade Indices","076","Brazil","64","Import Value Base Period Quantity","01234","Tomatoes","2023","2023","1000 USD","78","E","Estimated value"
TI,"Trade Indices","076","Brazil","64","Import Value Base Period Quantity","01970","Unmanufactured tobacco","2023","2023","1000 USD","29355","E","Estimated value"
TI,"Trade Indices","076","Brazil","64","Import Value Base Period Quantity","01658","Vanilla, raw","2023","2023","1000 USD","214","E","Estimated value"
TI,"Trade Indices","076","Brazil","64","Import Value Base Period Quantity","39120.91","Vegetable products for feed n.e.c.","2023","2023","1000 USD","142","E","Estimated value"
TI,"Trade Indices","076","Brazil","64","Import Value Base Period Quantity","F0473","Vegetables frozen","2023","2023","1000 USD","500447","E","Estimated value"
TI,"Trade Indices","076","Brazil","64","Import Value Base Period Quantity","F0472","Vegetables preserved nes (o/t vinegar)","2023","2023","1000 USD","171579","E","Estimated value"
TI,"Trade Indices","076","Brazil","64","Import Value Base Period Quantity","21393.90","Vegetables, dehydrated","2023","2023","1000 USD","44887","E","Estimated value"
TI,"Trade Indices","076","Brazil","64","Import Value Base Period Quantity","21429.02","Walnuts, shelled","2023","2023","1000 USD","168412","E","Estimated value"
TI,"Trade Indices","076","Brazil","64","Import Value Base Period Quantity","0111","Wheat","2023","2023","1000 USD","2002846","E","Estimated value"
TI,"Trade Indices","076","Brazil","64","Import Value Base Period Quantity","23110","Wheat and meslin flour","2023","2023","1000 USD","180146","E","Estimated value"
TI,"Trade Indices","076","Brazil","64","Import Value Base Period Quantity","22130.02","Whey, dry","2023","2023","1000 USD","55174","E","Estimated value"
TI,"Trade Indices","076","Brazil","64","Import Value Base Period Quantity","24212.02","Wine","2023","2023","1000 USD","287328","E","Estimated value"
TI,"Trade Indices","076","Brazil","64","Import Value Base Period Quantity","26130","Wool, degreased or carbonized, not carded or combed","2023","2023","1000 USD","765","E","Estimated value"
TI,"Trade Indices","076","Brazil","64","Import Value Base Period Quantity","22230.01","Yoghurt","2023","2023","1000 USD","61","E","Estimated value"
TI,"Trade Indices","108","Burundi","64","Import Value Base Period Quantity","01341","Apples","2023","2023","1000 USD","18","E","Estimated value"
TI,"Trade Indices","108","Burundi","64","Import Value Base Period Quantity","24310.01","Beer of barley, malted","2023","2023","1000 USD","8099","E","Estimated value"
TI,"Trade Indices","108","Burundi","64","Import Value Base Period Quantity","39120.13","Bran of cereals n.e.c.","2023","2023","1000 USD","56","E","Estimated value"
TI,"Trade Indices","108","Burundi","64","Import Value Base Period Quantity","22241.01","Butter of cow milk","2023","2023","1000 USD","94","E","Estimated value"
TI,"Trade Indices","108","Burundi","64","Import Value Base Period Quantity","21910.03","Cake of  soya beans","2023","2023","1000 USD","2","E","Estimated value"
TI,"Trade Indices","108","Burundi","64","Import Value Base Period Quantity","21910.07","Cake of sunflower seed","2023","2023","1000 USD","24","E","Estimated value"
TI,"Trade Indices","108","Burundi","64","Import Value Base Period Quantity","23140.08","Cereal preparations","2023","2023","1000 USD","132","E","Estimated value"
TI,"Trade Indices","108","Burundi","64","Import Value Base Period Quantity","01199.90","Cereals n.e.c.","2023","2023","1000 USD","253","E","Estimated value"
TI,"Trade Indices","108","Burundi","64","Import Value Base Period Quantity","22251.01","Cheese from whole cow milk","2023","2023","1000 USD","350","E","Estimated value"
TI,"Trade Indices","108","Burundi","64","Import Value Base Period Quantity","01652","Chillies and peppers, dry (Capsicum spp., Pimenta spp.), raw","2023","2023","1000 USD","36","E","Estimated value"
TI,"Trade Indices","108","Burundi","64","Import Value Base Period Quantity","F0666","Chocolate products nes","2023","2023","1000 USD","22","E","Estimated value"
TI,"Trade Indices","108","Burundi","64","Import Value Base Period Quantity","23620","Cocoa butter, fat and oil","2023","2023","1000 USD","2","E","Estimated value"
TI,"Trade Indices","108","Burundi","64","Import Value Base Period Quantity","F0665","Cocoa powder and cake","2023","2023","1000 USD","6","E","Estimated value"
TI,"Trade Indices","108","Burundi","64","Import Value Base Period Quantity","2166","Coconut oil","2023","2023","1000 USD","14","E","Estimated value"
TI,"Trade Indices","108","Burundi","64","Import Value Base Period Quantity","23912.02","Coffee extracts","2023","2023","1000 USD","41","E","Estimated value"
TI,"Trade Indices","108","Burundi","64","Import Value Base Period Quantity","01610","Coffee, green","2023","2023","1000 USD","17","E","Estimated value"
TI,"Trade Indices","108","Burundi","64","Import Value Base Period Quantity","01314","Dates","2023","2023","1000 USD","111","E","Estimated value"
TI,"Trade Indices","108","Burundi","64","Import Value Base Period Quantity","01599.10","Edible roots and tubers with high starch or inulin content, n.e.c., fresh","2023","2023","1000 USD","758","E","Estimated value"
TI,"Trade Indices","108","Burundi","64","Import Value Base Period Quantity","23993.02","Eggs, liquid","2023","2023","1000 USD","2","E","Estimated value"
TI,"Trade Indices","108","Burundi","64","Import Value Base Period Quantity","F1243","Fat preparations n.e.c.","2023","2023","1000 USD","338","E","Estimated value"
TI,"Trade Indices","108","Burundi","64","Import Value Base Period Quantity","23120.90","Flour of cereals n.e.c.","2023","2023","1000 USD","7651","E","Estimated value"
TI,"Trade Indices","108","Burundi","64","Import Value Base Period Quantity","21920","Flours and meals of oil seeds or oleaginous fruits, except those of mustard","2023","2023","1000 USD","27170","E","Estimated value"
TI,"Trade Indices","108","Burundi","64","Import Value Base Period Quantity","39170.01","Food wastes","2023","2023","1000 USD","46","E","Estimated value"
TI,"Trade Indices","108","Burundi","64","Import Value Base Period Quantity","F0623","Fruit prepared n.e.c.","2023","2023","1000 USD","12","E","Estimated value"
TI,"Trade Indices","108","Burundi","64","Import Value Base Period Quantity","2162","Groundnut oil","2023","2023","1000 USD","1","E","Estimated value"
TI,"Trade Indices","108","Burundi","64","Import Value Base Period Quantity","21421","Groundnuts, shelled","2023","2023","1000 USD","1136","E","Estimated value"
TI,"Trade Indices","108","Burundi","64","Import Value Base Period Quantity","0231","Hen eggs in shell, fresh","2023","2023","1000 USD","8","E","Estimated value"
TI,"Trade Indices","108","Burundi","64","Import Value Base Period Quantity","F1275","hydrogenated oils and fats","2023","2023","1000 USD","7542","E","Estimated value"
TI,"Trade Indices","108","Burundi","64","Import Value Base Period Quantity","23991.01","Infant food","2023","2023","1000 USD","842","E","Estimated value"
TI,"Trade Indices","108","Burundi","64","Import Value Base Period Quantity","21439.90","Juice of fruits n.e.c.","2023","2023","1000 USD","317","E","Estimated value"
TI,"Trade Indices","108","Burundi","64","Import Value Base Period Quantity","01441","Linseed","2023","2023","1000 USD","0","E","Estimated value"
TI,"Trade Indices","108","Burundi","64","Import Value Base Period Quantity","0112","Maize (corn)","2023","2023","1000 USD","10771","E","Estimated value"
TI,"Trade Indices","108","Burundi","64","Import Value Base Period Quantity","24320","Malt, whether or not roasted","2023","2023","1000 USD","11235","E","Estimated value"
TI,"Trade Indices","108","Burundi","64","Import Value Base Period Quantity","21111.01","Meat of cattle with the bone, fresh or chilled","2023","2023","1000 USD","476","E","Estimated value"
TI,"Trade Indices","108","Burundi","64","Import Value Base Period Quantity","21121","Meat of chickens, fresh or chilled","2023","2023","1000 USD","24","E","Estimated value"
TI,"Trade Indices","108","Burundi","64","Import Value Base Period Quantity","21113.01","Meat of pig with the bone, fresh or chilled","2023","2023","1000 USD","3","E","Estimated value"
TI,"Trade Indices","108","Burundi","64","Import Value Base Period Quantity","21115","Meat of sheep, fresh or chilled","2023","2023","1000 USD","4","E","Estimated value"
TI,"Trade Indices","108","Burundi","64","Import Value Base Period Quantity","F1172","Meat prepared n.e.c.","2023","2023","1000 USD","352","E","Estimated value"
TI,"Trade Indices","108","Burundi","64","Import Value Base Period Quantity","02910","Natural honey","2023","2023","1000 USD","4","E","Estimated value"
TI,"Trade Indices","108","Burundi","64","Import Value Base Period Quantity","01950.02","Natural rubber in other forms","2023","2023","1000 USD","0","E","Estimated value"
TI,"Trade Indices","108","Burundi","64","Import Value Base Period Quantity","0117","Oats","2023","2023","1000 USD","0","E","Estimated value"
TI,"Trade Indices","108","Burundi","64","Import Value Base Period Quantity","21691.12","Oil of linseed","2023","2023","1000 USD","9","E","Estimated value"
TI,"Trade Indices","108","Burundi","64","Import Value Base Period Quantity","21691.02","Oil of maize","2023","2023","1000 USD","1","E","Estimated value"
TI,"Trade Indices","108","Burundi","64","Import Value Base Period Quantity","2167","Olive oil","2023","2023","1000 USD","66","E","Estimated value"
TI,"Trade Indices","108","Burundi","64","Import Value Base Period Quantity","01253.02","Onions and shallots, dry (excluding dehydrated)","2023","2023","1000 USD","101","E","Estimated value"
TI,"Trade Indices","108","Burundi","64","Import Value Base Period Quantity","21419.99","Other fruit n.e.c., dried","2023","2023","1000 USD","2","E","Estimated value"
TI,"Trade Indices","108","Burundi","64","Import Value Base Period Quantity","25090","Other manufactured tobacco and manufactured tobacco substitutes
TI,"Trade Indices","108","Burundi","64","Import Value Base Period Quantity","21183","Other meat and edible meat offal, salted, in brine, dried or smoked
TI,"Trade Indices","108","Burundi","64","Import Value Base Period Quantity","21119.90","Other meat of mammals, fresh or chilled","2023","2023","1000 USD","1594","E","Estimated value"
TI,"Trade Indices","108","Burundi","64","Import Value Base Period Quantity","21691.90","Other oil of vegetable origin, crude n.e.c.","2023","2023","1000 USD","3","E","Estimated value"
TI,"Trade Indices","108","Burundi","64","Import Value Base Period Quantity","01709.90","Other pulses n.e.c.","2023","2023","1000 USD","1466","E","Estimated value"
TI,"Trade Indices","108","Burundi","64","Import Value Base Period Quantity","01699","Other stimulant, spice and aromatic crops, n.e.c.","2023","2023","1000 USD","105","E","Estimated value"
TI,"Trade Indices","108","Burundi","64","Import Value Base Period Quantity","01290.90","Other vegetables, fresh n.e.c.","2023","2023","1000 USD","206","E","Estimated value"
TI,"Trade Indices","108","Burundi","64","Import Value Base Period Quantity","2165","Palm oil","2023","2023","1000 USD","8750","E","Estimated value"
TI,"Trade Indices","108","Burundi","64","Import Value Base Period Quantity","F0022","Pastry","2023","2023","1000 USD","1606","E","Estimated value"
TI,"Trade Indices","108","Burundi","64","Import Value Base Period Quantity","01651","Pepper (Piper spp.), raw","2023","2023","1000 USD","25","E","Estimated value"
TI,"Trade Indices","108","Burundi","64","Import Value Base Period Quantity","21181","Pig meat, cuts, salted, dried or smoked (bacon and ham)","2023","2023","1000 USD","1","E","Estimated value"
TI,"Trade Indices","108","Burundi","64","Import Value Base Period Quantity","21411","Raisins","2023","2023","1000 USD","4","E","Estimated value"
TI,"Trade Indices","108","Burundi","64","Import Value Base Period Quantity","01443","Rape or colza seed","2023","2023","1000 USD","3","E","Estimated value"
TI,"Trade Indices","108","Burundi","64","Import Value Base Period Quantity","21641.01","Rapeseed or canola oil, crude","2023","2023","1000 USD","0","E","Estimated value"
TI,"Trade Indices","108","Burundi","64","Import Value Base Period Quantity","2351f","Raw cane or beet sugar (centrifugal only)","2023","2023","1000 USD","6","E","Estimated value"
TI,"Trade Indices","108","Burundi","64","Import Value Base Period Quantity","02211","Raw milk of cattle","2023","2023","1000 USD","1159","E","Estimated value"
TI,"Trade Indices","108","Burundi","64","Import Value Base Period Quantity","23520","Refined sugar","2023","2023","1000 USD","6587","E","Estimated value"
TI,"Trade Indices","108","Burundi","64","Import Value Base Period Quantity","23161.02","Rice, milled","2023","2023","1000 USD","14866","E","Estimated value"
TI,"Trade Indices","108","Burundi","64","Import Value Base Period Quantity","21184.02","Sausages and similar products of meat, offal or blood of pig","2023","2023","1000 USD","10","E","Estimated value"
TI,"Trade Indices","108","Burundi","64","Import Value Base Period Quantity","22212","Skim milk and whey powder","2023","2023","1000 USD","610","E","Estimated value"
TI,"Trade Indices","108","Burundi","64","Import Value Base Period Quantity","22221.02","Skim milk, evaporated","2023","2023","1000 USD","169","E","Estimated value"
TI,"Trade Indices","108","Burundi","64","Import Value Base Period Quantity","2161","Soya bean oil","2023","2023","1000 USD","169","E","Estimated value"
TI,"Trade Indices","108","Burundi","64","Import Value Base Period Quantity","23210.04","Sugar and syrups n.e.c.","2023","2023","1000 USD","229","E","Estimated value"
TI,"Trade Indices","108","Burundi","64","Import Value Base Period Quantity","23670.01","Sugar confectionery","2023","2023","1000 USD","1112","E","Estimated value"
TI,"Trade Indices","108","Burundi","64","Import Value Base Period Quantity","01445","Sunflower seed","2023","2023","1000 USD","0","E","Estimated value"
TI,"Trade Indices","108","Burundi","64","Import Value Base Period Quantity","21631.01","Sunflower-seed oil, crude","2023","2023","1000 USD","302","E","Estimated value"
TI,"Trade Indices","108","Burundi","64","Import Value Base Period Quantity","21523","Tallow","2023","2023","1000 USD","0","E","Estimated value"
TI,"Trade Indices","108","Burundi","64","Import Value Base Period Quantity","01620","Tea leaves","2023","2023","1000 USD","43","E","Estimated value"
TI,"Trade Indices","108","Burundi","64","Import Value Base Period Quantity","F0473","Vegetables frozen","2023","2023","1000 USD","80","E","Estimated value"
TI,"Trade Indices","108","Burundi","64","Import Value Base Period Quantity","F0472","Vegetables preserved nes (o/t vinegar)","2023","2023","1000 USD","1659","E","Estimated value"
TI,"Trade Indices","108","Burundi","64","Import Value Base Period Quantity","21393.90","Vegetables, dehydrated","2023","2023","1000 USD","158","E","Estimated value"
TI,"Trade Indices","108","Burundi","64","Import Value Base Period Quantity","21429.02","Walnuts, shelled","2023","2023","1000 USD","19","E","Estimated value"
TI,"Trade Indices","108","Burundi","64","Import Value Base Period Quantity","0111","Wheat","2023","2023","1000 USD","15352","E","Estimated value"
TI,"Trade Indices","108","Burundi","64","Import Value Base Period Quantity","23110","Wheat and meslin flour","2023","2023","1000 USD","561","E","Estimated value"
TI,"Trade Indices","108","Burundi","64","Import Value Base Period Quantity","24212.02","Wine","2023","2023","1000 USD","1089","E","Estimated value"
TI,"Trade Indices","108","Burundi","64","Import Value Base Period Quantity","22230.01","Yoghurt","2023","2023","1000 USD","11","E","Estimated value"
